IdCursosSocios,IdCurso,idSocio,Activo,Termino
1,1,2978,True,True
2,1,3062,True,True
3,3,2577,True,False
4,3,3386,True,False
5,3,3323,True,False
6,3,3580,True,False
7,3,3822,True,False
8,3,3518,True,False
9,3,3576,True,False
10,1,3838,False,False
11,1,3708,False,False
12,3,3583,True,False
13,3,3884,True,False
14,1,3073,True,True
15,1,3508,True,False
16,1,3913,True,False
17,1,3918,True,False
18,1,3911,True,False
19,1,3407,True,True
20,1,3910,True,False
21,1,3836,True,True
22,1,3909,True,True
23,2,3501,True,True
24,2,2633,True,True
25,2,3920,True,True
26,2,3819,True,False
27,2,3921,True,True
28,2,2741,True,True
29,1,3912,True,False
30,1,3923,True,False
31,1,3400,True,False
32,1,3915,True,False
33,1,3924,True,False
34,1,3925,True,True
35,1,3926,True,True
36,1,3927,True,True
37,2,3936,True,True
38,2,3935,True,True
39,2,3919,True,True
40,2,3747,True,True
41,1,3916,True,False
42,2,3941,True,False
43,2,3940,True,True
44,4,3942,True,True
45,4,3286,True,True
46,4,2597,True,True
47,4,3501,True,True
48,4,3750,True,True
49,4,3667,True,True
50,4,3529,True,True
51,4,3390,True,True
52,4,2716,False,True
53,4,3921,True,True
54,4,3747,True,True
55,4,3936,True,True
56,4,3019,True,True
57,4,3935,True,True
58,3,3581,True,False
59,3,3587,True,False
60,5,2846,True,False
61,5,3299,True,False
62,5,3514,True,False
63,5,3758,True,False
64,5,2950,True,False
65,5,3053,True,False
66,5,3286,True,False
67,5,2619,True,False
68,5,3435,True,False
69,5,3656,True,False
70,5,3735,True,False
71,5,3804,True,False
72,5,3388,True,False
73,5,3546,True,False
74,5,3553,True,False
75,5,3425,True,False
76,5,3769,True,False
77,6,3933,True,True
78,6,3932,True,True
79,6,3062,True,True
80,6,3522,True,True
81,6,3425,True,True
82,6,3073,True,True
83,6,3274,True,True
84,6,3747,True,True
85,6,3520,True,True
86,6,3498,True,True
87,6,3386,True,True
88,6,3298,True,True
89,6,3002,True,False
90,6,3040,True,True
91,6,2544,True,True
92,6,2859,True,True
93,6,3750,True,True
94,3,2863,True,False
95,3,3776,True,False
96,3,3680,True,False
97,3,3955,True,False
98,5,3873,True,False
99,3,3833,True,False
100,3,3472,True,False
101,6,3757,True,True
102,6,2951,True,True
103,7,3815,True,False
104,7,2998,True,False
105,7,3821,True,False
106,7,3386,True,False
107,7,3909,True,False
108,7,3586,True,False
109,7,3643,True,False
110,7,2544,True,False
111,7,3686,True,False
112,8,3511,True,False
113,8,3177,True,False
114,8,2863,True,False
115,8,3531,True,False
116,8,3309,True,False
117,8,3776,True,False
118,8,3150,True,False
119,8,3667,True,False
120,8,2851,True,False
121,8,3904,True,False
122,3,3608,True,False
123,3,2950,True,False
124,3,3522,True,False
125,3,3939,True,False
126,3,3904,True,False
127,3,3816,True,False
128,3,3509,True,False
129,3,3286,True,False
130,3,3291,True,False
131,3,3531,True,False
132,3,3657,True,False
133,8,3608,True,False
134,3,3598,True,False
135,3,3582,True,False
136,3,3591,True,False
137,3,2977,True,False
138,3,3590,True,False
139,3,3940,True,False
140,3,3802,True,False
141,147,3706,True,False
142,147,3983,True,True
143,147,3577,True,True
144,147,3747,True,True
145,147,3280,True,True
146,147,3546,True,True
147,147,3435,True,True
148,147,3520,True,True
149,147,3062,True,True
150,147,3658,True,True
151,148,3747,True,False
152,148,3118,True,False
153,148,3591,True,False
154,148,3940,True,False
155,148,3286,True,False
156,148,4005,True,False
157,148,4007,True,False
158,148,4004,True,False
159,148,3752,True,False
160,148,3906,True,False
161,149,3734,True,True
162,149,3509,True,True
163,149,3587,True,True
164,149,3983,True,False
165,149,3994,True,False
166,149,3998,True,True
167,149,3984,True,True
168,149,3686,True,True
169,149,3747,True,True
170,149,3906,True,False
171,150,3399,True,True
172,150,3680,True,True
173,150,3643,True,True
174,150,2978,True,False
175,150,3925,True,False
176,150,3590,True,True
177,150,3518,True,True
178,150,3514,True,False
179,150,3742,True,False
180,148,3185,True,False
181,148,4008,True,False
182,148,4011,True,False
183,148,4012,True,False
184,148,4009,True,False
185,148,3576,True,False
186,148,4010,True,False
187,148,4006,True,False
188,149,3683,True,True
189,149,3769,True,True
190,149,4002,True,True
191,149,4003,True,False
192,147,3873,True,True
193,147,3734,True,True
194,147,3940,True,False
195,149,3516,True,False
196,149,3498,True,True
197,149,3847,True,True
198,149,3875,True,True
199,149,3773,True,False
200,150,3815,True,False
201,149,3778,True,True
202,149,3029,True,False
203,151,2597,True,False
204,151,3501,True,False
205,151,3747,True,False
206,151,3280,True,False
207,151,2741,True,False
208,151,2859,True,False
209,151,3935,True,False
210,151,3921,True,False
211,151,3920,True,False
212,151,3019,True,False
213,151,2577,True,False
214,151,3946,True,False
215,148,2545,True,False
216,148,3962,True,False
217,149,2859,True,True
218,149,3805,True,True
219,149,3472,True,True
220,149,3286,True,True
221,149,3531,True,False
222,152,3855,True,True
223,152,3518,True,True
224,152,3277,True,True
225,152,3660,False,False
226,152,2863,True,True
227,152,2977,True,True
228,152,3680,True,True
229,152,4013,True,True
230,152,4001,True,False
231,147,3984,True,True
232,147,3710,True,True
233,151,4023,True,False
234,151,3667,True,False
235,152,3351,True,True
236,152,3590,True,True
237,152,3710,True,True
238,152,4024,True,True
239,152,3386,True,True
240,152,3576,True,True
241,152,3657,True,True
242,152,3996,True,True
243,152,4026,True,True
244,152,4027,True,True
245,150,3996,True,True
246,150,2977,True,True
247,150,3550,True,True
248,150,3909,True,True
249,150,3836,True,True
250,150,3073,True,True
251,150,3706,True,True
252,150,3534,True,False
253,150,3351,True,True
254,153,3998,True,True
255,153,3747,True,False
256,153,3286,True,True
257,153,3509,True,True
258,153,3587,True,True
259,153,3875,True,False
260,153,3778,True,True
261,153,2859,True,True
262,153,3472,True,False
263,153,3679,True,False
264,153,4013,True,False
265,153,3751,True,False
266,153,3643,True,False
267,153,3987,True,False
268,155,3118,True,False
269,155,3351,True,False
270,155,3529,True,False
271,155,2977,True,False
272,155,3680,True,False
273,155,3710,True,False
274,155,3590,True,False
275,155,3742,True,False
276,155,4026,True,False
277,155,4038,True,False
278,155,4027,True,False
279,155,4024,True,False
280,155,4013,True,False
281,155,3996,True,False
282,155,4039,True,False
283,155,3804,True,False
284,155,3550,True,False
285,155,3399,True,False
286,155,3706,True,False
287,154,3776,True,True
288,154,3706,True,True
289,154,3710,True,True
290,154,3680,True,True
291,154,3399,True,True
292,154,3277,True,True
293,154,3855,True,True
294,154,4001,True,True
295,154,4026,True,True
296,154,4049,True,True
297,154,3518,True,True
298,154,3590,True,True
299,154,3576,True,True
300,154,3939,True,True
301,154,3742,True,False
302,154,4013,True,True
303,154,3984,True,True
304,154,3987,True,True
305,156,2977,True,True
306,156,4055,True,True
307,156,3351,True,True
308,156,3587,True,True
309,156,3680,True,True
310,158,2619,True,False
311,158,3747,True,False
312,158,2633,True,False
313,158,3751,True,False
314,158,3906,True,False
315,158,3940,True,False
316,158,2968,True,False
317,158,3302,True,False
318,159,3935,True,False
319,159,3529,True,False
320,159,4006,True,False
321,159,3280,True,False
322,159,3748,True,False
323,159,3946,True,False
324,159,2550,True,False
325,159,2575,True,False
326,159,3155,True,False
327,159,4012,True,False
328,159,3562,True,False
329,159,3962,True,False
330,159,3185,True,False
331,159,4073,False,False
332,159,4075,True,False
333,159,4067,True,False
334,159,4072,False,False
335,159,4074,True,False
336,159,3447,True,False
337,159,4076,True,False
338,159,4071,True,False
339,159,4069,True,False
340,159,4070,True,False
341,159,4068,True,False
342,160,3680,True,False
343,160,3573,True,False
344,160,3280,True,False
345,160,3747,True,False
346,160,3940,True,False
347,160,3933,True,False
348,160,3587,True,False
349,160,3734,True,False
350,160,4002,True,False
351,160,4058,True,False
352,160,3518,True,False
353,160,4077,True,False
354,160,2977,True,False
355,156,4061,True,False
356,156,3618,True,True
357,156,4052,True,True
358,156,3939,True,True
359,156,3742,False,False
360,156,3897,True,True
361,156,3590,True,True
362,156,3984,True,True
363,156,3982,True,True
364,156,4089,True,False
365,158,4090,True,False
366,158,4081,True,False
367,158,4085,True,False
368,158,4079,True,False
369,158,4080,True,False
370,158,4091,True,False
371,158,4084,True,False
372,159,3708,True,False
373,161,4207,True,True
374,161,4206,True,True
375,161,4208,False,False
376,161,4204,True,True
377,161,4210,True,True
378,161,4115,True,True
379,161,4202,True,True
380,161,4211,True,True
381,161,4205,True,True
382,161,4215,True,True
383,161,4216,True,True
384,161,4213,True,True
385,161,4212,True,True
386,161,4214,False,True
387,161,3747,True,True
388,162,3019,True,False
389,162,4123,True,False
390,162,3351,True,False
391,162,4073,True,False
392,162,4217,True,False
393,162,4068,True,False
394,162,3667,True,False
395,162,4226,True,False
396,162,4221,True,False
397,162,4223,True,False
398,162,4228,True,False
399,162,4070,True,False
400,162,4138,True,False
401,162,4227,True,False
402,163,4231,True,True
403,163,4230,True,True
404,163,4234,True,True
405,163,3477,True,True
406,163,3155,True,True
407,163,3073,True,True
408,163,4232,True,False
409,163,3686,True,True
410,163,4233,True,True
411,163,4166,True,True
412,163,4218,False,True
413,164,3534,True,False
414,164,3851,True,True
415,164,3587,True,True
416,164,4186,True,True
417,164,4200,True,True
418,164,3852,True,True
419,164,3742,True,False
420,164,4248,True,True
421,164,3351,True,True
422,164,3680,True,True
423,164,4121,True,True
424,164,4105,True,True
425,164,4150,True,True
426,164,4245,True,True
427,164,4252,True,True
428,163,3821,True,True
429,163,4247,True,True
430,163,3906,True,True
431,161,4236,True,True
432,161,3118,True,False
433,161,3299,True,True
434,161,4235,True,True
435,163,4238,True,False
436,165,3351,True,True
437,165,4221,True,True
438,165,3940,True,True
439,165,4222,True,True
440,165,4006,True,True
441,165,3118,True,False
442,165,4220,True,True
443,165,4217,True,True
444,165,4226,True,True
445,165,4123,True,True
446,165,4012,True,True
447,165,4005,True,True
448,165,4218,True,True
449,165,3286,True,True
450,165,3529,True,True
451,165,3667,True,True
452,165,4138,True,True
453,165,3019,True,True
454,165,3751,True,True
455,165,2846,True,True
456,165,4007,True,True
457,165,3752,True,True
458,161,3534,True,False
459,166,3299,True,False
460,166,4327,True,False
461,166,4207,True,False
462,166,4236,True,False
463,166,2950,True,False
464,166,3733,True,False
465,166,4206,True,False
466,166,4204,True,False
467,166,4205,True,False
468,166,3529,True,False
469,166,4325,True,False
470,166,3935,True,False
471,167,2846,True,True
472,167,4236,True,True
473,167,4206,True,True
474,167,4202,True,True
475,167,4210,True,True
476,167,4216,True,True
477,167,3920,True,True
478,167,4205,True,True
479,167,4212,True,True
480,167,4115,True,True
481,167,3576,True,True
482,167,4306,True,True
483,167,4211,True,True
484,167,2633,True,True
485,167,2619,True,True
486,167,3921,True,True
487,166,4326,True,False
488,166,4115,True,False
489,166,4166,True,False
490,168,4331,True,False
491,168,4334,True,False
492,168,4333,True,False
493,168,4332,True,False
494,168,4335,True,False
495,168,4329,True,False
496,168,4330,True,False
497,168,4233,True,False
498,168,2597,False,False
499,168,4218,True,False
500,168,3155,True,False
501,168,4222,True,False
502,168,3909,True,False
503,168,3836,True,False
504,168,3497,True,False
505,168,4174,True,False
506,168,4297,True,False
507,169,2619,True,True
508,169,2633,True,True
509,169,4081,True,True
510,169,4079,True,True
511,169,3011,True,False
512,169,3425,True,True
513,169,3733,True,True
514,169,2951,True,True
515,169,3873,True,False
516,169,3520,True,True
517,169,4340,True,True
518,169,4281,True,False
519,168,4356,True,False
520,168,4352,True,False
521,168,4349,True,False
522,167,3935,True,True
523,167,4338,True,True
524,167,4337,True,True
525,167,4204,True,True
526,168,3686,True,False
527,170,4166,True,False
528,170,4373,True,False
529,170,4360,True,False
530,170,4361,True,False
531,170,4359,True,False
532,170,4363,True,False
533,170,4365,True,False
534,170,4368,True,False
535,170,4362,True,False
536,170,4332,True,False
537,170,4364,True,False
538,170,4215,True,False
539,170,4238,True,False
540,170,3819,True,False
541,171,2950,True,False
542,171,3118,True,False
543,171,4421,True,False
544,171,2716,True,False
545,171,4068,True,False
546,171,3083,True,False
547,171,3082,True,False
548,171,4366,True,False
549,171,4426,True,False
550,171,4425,True,False
551,171,4428,True,False
552,171,3520,True,False
553,171,3435,True,False
554,171,4329,True,False
555,171,4325,True,False
556,171,4206,True,False
557,171,4422,True,False
558,171,4423,True,False
559,171,4424,True,False
560,171,4427,True,False
561,171,3280,True,False
562,172,4568,True,False
563,172,4600,True,False
564,172,4598,True,False
565,172,4587,True,False
566,172,4588,True,False
567,172,4592,True,False
568,172,4571,True,False
569,172,4589,True,False
570,172,4570,True,False
571,172,4590,True,False
572,172,3333,True,False
573,172,4597,True,False
574,172,4631,True,False
575,172,4593,True,False
576,172,4591,True,False
577,172,4595,True,False
578,172,3351,True,False
579,172,3935,True,False
580,173,4671,True,False
581,173,4672,True,False
582,173,4666,True,False
583,173,3591,True,False
584,173,4664,True,False
585,173,4665,True,False
586,173,4670,True,False
587,173,4657,True,False
588,173,4660,True,False
589,173,4673,True,False
590,173,4662,True,False
591,173,4148,True,False
592,173,4663,True,False
593,173,4674,True,False
594,173,4632,True,False
595,173,4664,True,False
596,173,4658,True,False
597,173,4659,True,False
598,173,4661,True,False
599,174,4656,True,False
600,174,3576,True,False
601,174,4651,True,False
602,174,4649,True,False
603,174,4653,True,False
604,174,4655,True,False
605,174,4210,True,False
606,174,4501,True,False
607,174,4366,True,False
608,174,4206,True,False
609,174,4632,True,False
610,174,4403,True,False
611,174,4207,True,False
612,174,4650,True,False
613,175,3546,True,False
614,175,3472,True,False
615,175,4793,True,False
616,175,4469,True,False
617,175,4470,True,False
618,175,4721,True,False
619,175,4644,True,False
620,175,3998,True,False
621,175,4764,True,False
622,175,4486,True,False
623,175,4536,True,False
624,175,4698,True,False
625,175,3514,True,False
626,175,4716,True,False
627,175,4414,True,False
628,175,4693,True,False
629,175,3658,True,False
630,175,4795,True,False
631,175,3938,True,False
632,175,4610,True,False
633,176,4856,False,False
634,176,4857,True,False
635,176,4870,True,False
636,176,4862,True,False
637,176,4869,True,False
638,176,4872,True,False
639,176,4861,True,False
640,176,4859,True,False
641,176,4863,True,False
642,176,4865,True,False
643,176,4874,True,False
644,176,4860,True,False
645,176,4866,True,False
646,176,4871,True,False
647,177,2716,True,False
648,177,4336,True,False
649,177,3656,True,False
650,177,3920,True,False
651,177,3118,True,False
652,177,4074,True,False
653,177,4075,True,False
654,177,4836,True,False
655,177,4838,True,False
656,177,4832,True,False
657,177,4338,True,False
658,177,4833,True,False
659,178,4848,True,False
660,178,4843,True,False
661,178,4075,True,False
662,178,4844,True,False
663,178,4590,True,False
664,178,4852,True,False
665,178,4845,True,False
666,178,4526,True,False
667,178,4854,True,False
668,178,4271,True,False
669,178,4849,True,False
670,178,4840,True,False
671,178,4842,True,False
672,178,4853,True,False
673,178,4597,True,False
674,178,4851,True,False
675,178,4600,True,False
676,178,4678,True,False
677,178,4846,True,False
678,178,4855,True,False
679,178,4841,True,False
680,176,4878,True,False
681,176,4867,True,False
682,176,4868,True,False
683,176,4876,True,False
684,176,4877,True,False
685,176,4527,True,False
686,176,3836,True,False
687,176,4858,True,False
688,176,4873,True,False
689,178,4885,True,False
690,178,4886,True,False
691,179,4423,True,False
692,179,3656,True,False
693,179,3946,True,False
694,179,4148,True,False
695,179,4900,True,False
696,179,4859,True,False
697,179,4899,True,False
698,179,4898,True,False
699,179,4897,True,False
700,180,4345,True,False
701,180,3349,True,False
702,180,3680,True,False
703,180,4338,True,False
704,180,4247,True,False
705,180,4536,True,False
706,180,4599,True,False
707,180,3961,True,False
708,180,3836,True,False
709,180,4336,True,False
710,180,2998,True,False
711,179,4697,True,False
712,179,4910,True,False
713,180,4908,True,False
714,180,4909,True,False
715,180,4907,True,False
716,178,4888,True,False
717,181,4424,True,False
718,181,4723,True,False
719,181,4366,True,False
720,181,4218,True,False
721,181,4919,True,False
722,181,4664,True,False
723,181,4338,True,False
724,181,4632,True,False
725,181,4899,True,False
726,181,3576,True,False
727,181,4336,True,False
728,181,4906,True,False
729,181,4920,True,False
730,181,4897,True,False
731,181,4922,True,False
732,182,4452,True,False
733,182,3734,True,False
734,182,4911,True,False
735,182,4165,True,False
736,182,4650,True,False
737,182,3577,True,False
738,182,4031,True,False
739,182,4698,True,False
740,176,3218,True,False
741,181,4905,True,False
742,183,4673,True,False
743,183,3514,True,False
744,183,4871,True,False
745,183,5009,True,False
746,183,4722,True,False
747,183,4833,True,False
748,183,5010,True,False
749,183,3906,True,False
750,183,5011,True,False
751,183,4336,True,False
752,183,5007,True,False
753,183,4526,True,False
754,183,4842,True,False
755,183,4900,True,False
756,183,4954,True,False
757,184,4961,True,False
758,184,4962,True,False
759,184,4632,True,False
760,184,4590,True,False
761,184,4488,True,False
762,184,4674,True,False
763,184,5015,True,False
764,184,4336,True,False
765,184,5011,True,False
766,184,5013,True,False
767,184,4424,True,False
768,184,3836,True,False
769,184,3921,True,False
770,184,4338,True,False
771,184,2846,True,False
772,184,4649,True,False
773,184,5014,True,False
774,184,5012,True,False
775,184,4838,True,False
776,184,5009,True,False
777,184,4723,True,False
778,184,2696,True,False
779,184,4148,True,False
780,183,5008,True,False
781,183,5027,True,False
782,184,4526,True,False
783,184,5029,True,False
784,184,5028,True,False
785,185,5113,True,False
786,185,4338,True,False
787,185,4424,True,False
788,185,3185,True,False
789,185,4332,True,False
790,185,4842,True,False
791,185,5007,True,False
792,185,4526,True,False
793,185,4227,True,False
794,186,5142,True,False
795,186,5138,True,False
796,186,5144,True,False
797,186,4679,True,False
798,186,5140,True,False
799,186,5141,True,False
800,186,5135,True,False
801,186,5136,True,False
802,186,5137,True,False
803,186,5143,True,False
804,186,5007,True,False
805,186,3935,True,False
806,186,3825,False,False
807,186,5010,True,False
808,187,2846,True,False
809,187,4526,True,False
810,187,4812,True,False
811,187,4424,True,False
812,187,3082,True,False
813,187,4632,True,False
814,187,3062,True,False
815,186,5146,True,False
816,186,5147,True,False
817,186,5148,True,False
818,186,4656,True,False
819,186,5139,True,False
820,188,5138,True,False
821,188,4252,True,False
822,188,4812,True,False
823,188,4674,True,False
824,188,4590,True,False
825,188,5150,True,False
826,188,5152,True,False
827,188,3658,True,False
828,188,5155,True,False
829,188,5149,True,False
830,188,4434,True,False
831,188,5056,True,False
832,188,4632,True,False
833,188,5154,True,False
834,188,5046,True,False
835,186,4329,True,False
836,186,5145,True,False
837,186,5158,True,False
838,185,4489,True,False
839,185,5126,True,False
840,188,5162,True,False
841,188,5159,True,False
842,189,2846,True,False
843,189,4842,True,False
844,189,3658,True,False
845,189,5261,True,False
846,189,4306,True,False
847,189,5252,True,False
848,189,4600,True,False
849,189,5262,True,False
850,190,3546,True,False
851,190,3769,True,False
852,190,5162,True,False
853,190,5115,True,False
854,190,3836,True,False
855,190,4436,True,False
856,190,4227,True,False
857,190,2998,True,False
858,189,5260,True,False
859,189,4674,True,False
860,189,5259,True,False
861,189,2563,True,False
862,189,5316,True,False
863,191,4812,True,False
864,191,4653,True,False
865,191,5519,True,False
866,191,5514,True,False
867,191,5524,True,False
868,191,4489,True,False
869,191,5517,True,False
870,191,5282,True,False
871,191,5527,True,False
872,191,4563,True,False
873,191,4896,True,False
874,191,4759,True,False
875,191,5428,True,False
876,191,5521,True,False
877,191,5523,True,False
878,191,5518,True,False
879,191,5522,True,False
880,192,5533,True,False
881,192,5001,True,False
882,192,5584,True,False
883,192,5046,True,False
884,192,4798,True,False
885,192,5579,True,False
886,192,5588,True,False
887,192,3769,True,False
888,193,5116,True,False
889,193,3577,True,False
890,193,3852,True,False
891,193,5604,True,False
892,193,5601,True,False
893,193,5599,True,False
894,193,5603,True,False
895,193,5600,True,False
896,193,5602,True,False
897,193,3576,True,False
898,193,5162,True,False
899,193,4998,True,False
900,193,5597,True,False
901,193,5472,True,False
902,193,5615,True,False
903,194,5519,True,False
904,194,5610,True,False
905,194,5609,True,False
906,194,5126,True,False
907,194,5617,True,False
908,194,5613,True,False
909,194,5619,True,False
910,194,5611,True,False
911,194,5612,True,False
912,194,5614,True,False
913,194,5608,True,False
914,194,5605,True,False
915,194,5606,True,False
916,194,5607,True,False
917,194,4923,True,False
918,194,5620,True,False
919,194,4527,True,False
920,194,5616,True,False
921,195,4674,True,False
922,195,5600,True,False
923,196,2998,True,False
924,196,5719,True,False
925,196,5718,True,False
926,196,2846,True,False
927,196,2859,True,False
928,196,3546,True,False
929,196,3656,True,False
930,196,3836,True,False
931,196,3498,True,False
932,197,4252,True,False
933,197,5711,True,False
934,197,3852,True,False
935,197,4452,True,False
936,198,5937,True,False
937,198,5919,True,False
938,198,5924,True,False
939,198,5926,True,False
940,198,5927,True,False
941,198,5932,True,False
942,198,5884,True,False
943,198,5920,True,False
944,198,5918,True,False
945,198,5935,True,False
946,198,5934,True,False
947,198,5936,True,False
948,198,5928,True,False
949,198,5922,True,False
950,198,5938,True,False
951,198,5925,True,False
952,198,5931,True,False
953,198,5921,True,False
954,198,5929,True,False
955,198,5923,True,False
956,198,5933,True,False
957,199,5840,True,False
958,199,5842,True,False
959,199,5836,True,False
960,199,5843,True,False
961,199,5847,True,False
962,199,5844,True,False
963,199,5845,True,False
964,199,5848,True,False
965,199,5839,True,False
966,199,5846,True,False
967,199,5838,True,False
968,199,5837,True,False
969,200,5982,True,False
970,200,5986,True,False
971,200,5931,True,False
972,200,5852,True,False
973,200,5994,True,False
974,200,4885,True,False
975,200,5981,True,False
976,200,5974,True,False
977,200,5975,True,False
978,200,5969,True,False
979,200,5162,True,False
980,200,5970,True,False
981,200,5942,True,False
982,200,5860,True,False
983,200,5980,True,False
984,200,5979,True,False
985,200,5978,True,False
986,200,5972,True,False
987,200,5973,True,False
988,200,5848,True,False
989,200,5600,True,False
990,200,5976,True,False
991,200,5977,True,False
992,200,5277,True,False
993,200,5609,True,False
994,200,2859,True,False
995,200,3836,True,False
996,200,2998,True,False
997,200,5515,True,False
998,201,5988,True,False
999,201,5987,True,False
1000,201,5992,True,False
1001,201,5993,True,False
1002,201,5990,True,False
1003,201,5991,True,False
1004,201,5472,True,False
1005,201,5996,True,False
1006,201,5845,True,False
1007,201,5983,True,False
1008,201,5838,True,False
1009,201,5995,True,False
1010,201,3032,True,False
1011,201,5984,True,False
1012,201,5989,True,False
1013,201,5842,True,False
1014,201,5847,True,False
1015,201,5834,True,False
1016,201,5602,True,False
1017,201,5985,True,False
1018,201,5839,True,False
1019,202,6013,True,False
1020,202,5855,True,False
1021,202,6008,True,False
1022,202,6007,True,False
1023,202,6005,True,False
1024,202,5517,True,False
1025,202,5998,True,False
1026,202,6006,True,False
1027,202,6003,True,False
1028,202,6010,True,False
1029,202,6000,True,False
1030,202,5046,True,False
1031,202,5999,True,False
1032,202,6015,True,False
1033,202,6011,True,False
1034,202,6004,True,False
1035,202,6001,True,False
1036,202,5845,True,False
1037,202,5847,True,False
1038,202,6017,True,False
1039,200,5519,True,False
1040,201,6020,True,False
1041,201,4658,True,False
1042,201,3546,True,False
1043,200,5971,True,False
1044,197,6022,True,False
1045,197,6023,True,False
1046,197,6025,True,False
1047,197,6030,True,False
1048,197,6024,True,False
1049,197,6026,True,False
1050,197,6027,True,False
1051,197,5710,True,False
1052,197,5733,True,False
1053,197,5990,True,False
1054,197,6034,True,False
1055,197,4808,True,False
1056,197,5734,True,False
1057,201,4674,True,False
1058,202,6052,True,False
1059,202,6053,True,False
1060,202,6018,True,False
1061,202,6016,True,False
1062,202,5844,True,False
1063,202,6002,True,False
1064,202,6034,True,False
1065,202,5734,True,False
1066,202,6054,True,False
1067,202,6009,True,False
1068,202,6019,True,False
1069,198,5949,True,False
1070,198,4436,True,False
1071,203,4252,True,False
1072,203,6084,True,False
1073,203,5180,True,False
1074,203,6094,True,False
1075,203,5472,True,False
1076,203,6089,True,False
1077,203,6091,True,False
1078,203,6090,True,False
1079,203,6092,True,False
1080,203,6044,True,False
1081,203,6098,True,False
1082,203,6085,True,False
1083,203,4981,True,False
1084,203,6087,True,False
1085,203,6095,True,False
1086,203,6088,True,False
1087,203,6093,True,False
1088,203,6096,True,False
1089,203,5853,True,False
1090,203,6086,True,False
1091,203,5975,True,False
1092,203,6099,True,False
1093,203,5259,True,False
1094,203,6097,True,False
1095,203,4808,True,False
1096,203,6102,False,False
1097,203,6103,True,False
1098,203,6105,True,False
1099,202,6113,True,False
1100,203,6113,True,False
1101,204,3032,True,False
1102,204,5980,True,False
1103,204,2859,True,False
1104,204,5847,True,False
1105,204,5931,True,False
1106,204,3546,True,False
1107,204,5855,True,False
1108,204,5838,True,False
1109,204,5848,True,False
1110,204,5969,True,False
1111,204,5979,True,False
1112,204,5970,True,False
1113,204,5978,True,False
1114,204,5734,False,False
1115,204,4711,True,False
1116,204,5839,True,False
1117,204,6034,True,False
1118,204,5162,True,False
1119,204,5984,True,False
1120,204,5988,True,False
1121,204,5986,True,False
1122,204,5976,True,False
1123,204,5942,False,False
1124,204,6127,True,False
1125,204,6129,True,False
1126,204,4150,True,False
1127,204,5845,True,False
1128,204,5852,True,False
1129,204,5971,True,False
1130,204,6128,False,False
1131,204,6130,False,False
1132,204,5277,True,False
1133,205,6218,True,False
1134,205,5981,True,False
1135,205,5277,True,False
1136,205,6029,True,False
1137,205,6220,True,False
1138,205,5601,True,False
1139,205,6221,True,False
1140,205,6225,True,False
1141,205,5180,True,False
1142,205,6222,True,False
1143,205,6216,True,False
1144,205,5007,True,False
1145,205,6034,True,False
1146,205,6224,True,False
1147,205,4815,True,False
1148,205,4812,True,False
1149,205,6026,True,False
1150,205,6223,True,False
1151,205,5847,True,False
1152,205,5046,True,False
1153,205,6219,True,False
1154,205,3656,True,False
1155,205,4452,True,False
1156,205,6217,True,False
1157,205,6227,True,False
1158,205,6226,True,False
1159,205,6024,True,False
1160,207,6204,True,False
1161,207,6095,False,False
1162,207,6198,True,False
1163,207,6199,True,False
1164,207,6207,True,False
1165,207,6195,True,False
1166,207,6201,True,False
1167,207,5990,True,False
1168,207,6206,True,False
1169,207,5586,True,False
1170,207,6200,True,False
1171,207,6203,True,False
1172,207,6228,True,False
1173,207,6211,True,False
1174,207,6197,True,False
1175,207,6210,True,False
1176,207,6208,True,False
1177,207,6229,True,False
1178,207,6209,True,False
1179,207,6205,True,False
1180,207,6196,True,False
1181,205,6245,True,False
1182,205,6245,True,False
1183,206,3032,True,False
1184,206,5472,True,False
1185,206,5180,True,False
1186,206,3390,True,False
1187,206,5933,True,False
1188,206,6249,True,False
1189,206,6090,True,False
1190,206,2859,True,False
1191,206,4570,True,False
1192,206,5847,True,False
1193,206,6282,True,False
1194,206,3062,True,False
1195,206,5931,True,False
1196,206,3509,True,False
1197,206,5855,True,False
1198,206,4674,True,False
1199,206,5805,True,False
1200,206,6231,True,False
1201,206,5542,True,False
1202,206,5969,True,False
1203,206,5969,True,False
1204,206,5970,True,False
1205,206,5550,True,False
1206,206,6234,True,False
1207,206,2577,True,False
1208,206,4497,True,False
1209,206,6233,True,False
1210,206,6095,True,False
1211,206,5942,True,False
1212,206,4808,True,False
1213,206,3514,True,False
1214,206,4998,True,False
1215,206,6024,True,False
1216,206,5443,True,False
1217,206,5600,True,False
1218,206,4452,True,False
1219,206,5971,True,False
1220,207,5460,True,False
1221,207,6202,True,False
1222,206,6232,True,False
1223,208,5472,True,False
1224,208,6197,True,False
1225,208,5842,True,False
1226,208,3512,True,False
1227,208,5845,True,False
1228,208,6219,True,False
1229,208,5847,True,False
1230,208,6232,True,False
1231,208,6245,True,False
1232,208,6318,True,False
1233,208,6226,True,False
1234,208,5171,True,False
1235,208,5213,True,False
1236,208,6322,True,False
1237,208,5970,True,False
1238,208,6218,True,False
1239,208,6234,True,False
1240,208,4497,True,False
1241,208,5944,True,False
1242,208,5136,True,False
1243,208,4981,True,False
1244,208,5942,True,False
1245,208,5460,True,False
1246,208,6321,True,False
1247,209,4452,True,False
1248,209,5180,True,False
1249,209,4674,True,False
1250,209,5933,True,False
1251,209,6210,True,False
1252,209,5046,True,False
1253,209,3656,True,False
1254,209,4808,True,False
1255,209,5542,True,False
1256,209,6022,True,False
1257,209,5988,True,False
1258,209,3658,True,False
1259,209,6341,True,False
1260,209,6018,True,False
1261,209,6344,True,False
1262,209,6340,True,False
1263,209,6343,True,False
1264,209,6342,True,False
1265,210,5980,True,False
1266,210,5979,True,False
1267,210,6197,True,False
1268,210,6201,True,False
1269,210,6207,True,False
1270,210,5805,True,False
1271,210,5116,True,False
1272,210,6367,True,False
1273,210,6362,True,False
1274,210,6354,True,False
1275,210,6356,True,False
1276,210,6366,True,False
1277,210,6361,True,False
1278,210,6365,True,False
1279,210,6360,True,False
1280,210,6363,True,False
1281,210,6359,True,False
1282,210,6358,True,False
1283,210,6368,True,False
1284,210,6364,True,False
1285,210,5210,True,False
1286,210,4658,True,False
1287,210,6355,True,False
1288,210,6357,True,False
1289,210,6370,True,False
1290,210,6318,True,False
1291,210,3333,True,False
1292,209,4711,True,False
1293,205,6262,True,False
1294,208,6339,True,False
1295,208,4374,True,False
1296,210,6376,True,False
1297,209,4488,True,False
1298,210,6369,True,False
1299,211,6406,True,False
1300,211,6407,True,False
1301,211,4172,True,False
1302,211,3658,True,False
1303,211,3512,True,False
1304,211,6082,True,False
1305,211,6091,True,False
1306,211,4031,True,False
1307,211,5881,True,False
1308,211,6267,True,False
1309,211,4558,True,False
1310,211,4674,True,False
1311,211,6204,True,False
1312,211,5604,True,False
1313,211,4374,True,False
1314,211,6411,True,False
1315,211,6224,True,False
1316,211,6412,True,False
1317,211,6408,True,False
1318,211,6226,True,False
1319,211,6413,True,False
1320,211,6410,True,False
1321,211,6209,True,False
1322,211,6418,True,False
1323,211,4808,True,False
1324,211,6415,True,False
1325,211,6409,True,False
1326,211,6414,True,False
1327,211,5696,True,False
1328,211,5988,True,False
1329,211,6417,True,False
1330,211,6428,True,False
1331,212,6218,True,False
1332,212,6526,True,False
1333,212,6528,True,False
1334,212,4664,True,False
1335,212,6530,True,False
1336,212,5460,True,False
1337,212,4544,True,False
1338,212,6527,True,False
1339,212,6545,True,False
1340,212,6018,True,False
1341,212,5887,True,False
1342,212,6544,True,False
1343,212,4981,True,False
1344,212,5610,True,False
1345,212,3512,True,False
1346,212,6529,True,False
1347,212,6366,True,False
1348,212,6531,True,False
1349,212,6532,True,False
1350,212,6405,True,False
1351,212,6525,True,False
1352,212,6219,True,False
1353,212,6339,True,False
1354,212,5842,True,False
1355,212,6342,True,False
1356,212,4658,True,False
1357,212,5171,True,False
1358,213,6495,True,False
1359,213,6369,True,False
1360,213,4711,True,False
1361,213,6197,True,False
1362,213,6494,True,False
1363,213,5116,True,False
1364,213,6207,True,False
1365,213,6536,True,False
1366,213,6201,True,False
1367,213,6505,True,False
1368,213,6503,True,False
1369,213,6496,True,False
1370,213,5855,True,False
1371,213,6506,True,False
1372,213,6502,True,False
1373,213,6504,True,False
1374,213,6507,True,False
1375,213,6497,True,False
1376,213,6499,True,False
1377,213,6501,True,False
1378,213,6498,True,False
1379,213,6500,True,False
1380,213,6535,True,False
1381,213,6393,True,False
1382,212,6322,True,False
1383,214,4998,True,False
1384,214,6607,True,False
1385,214,6528,True,False
1386,214,4570,True,False
1387,214,6545,True,False
1388,214,5601,True,False
1389,214,5610,True,False
1390,214,3512,True,False
1391,214,3514,True,False
1392,214,6322,True,False
1393,214,6531,True,False
1394,214,6532,True,False
1395,214,5121,True,False
1396,214,6405,True,False
1397,214,6608,True,False
1398,214,6525,True,False
1399,214,6339,True,False
1400,214,5162,True,False
1401,214,6311,True,False
1402,214,6342,True,False
1403,215,6223,True,False
1404,215,3032,True,False
1405,215,5994,True,False
1406,215,5842,True,False
1407,215,6606,True,False
1408,215,5845,True,False
1409,215,5277,True,False
1410,215,6529,True,False
1411,215,6318,True,False
1412,215,6226,True,False
1413,215,5171,True,False
1414,215,6527,True,False
1415,215,4711,True,False
1416,215,5839,True,False
1417,215,6369,True,False
1418,215,4808,True,False
1419,215,4664,True,False
1420,215,6415,True,False
1421,215,5271,True,False
1422,215,5978,True,False
1423,216,5855,True,False
1424,216,6022,True,False
1425,216,6218,True,False
1426,216,6498,True,False
1427,216,6506,True,False
1428,216,6497,True,False
1429,216,6503,True,False
1430,216,6267,True,False
1431,216,6204,True,False
1432,216,6495,True,False
1433,216,6505,True,False
1434,216,6224,True,False
1435,216,6494,True,False
1436,216,6407,True,False
1437,216,6209,True,False
1438,216,6052,True,False
1439,216,6002,True,False
1440,214,6617,True,False
1441,215,6496,True,False
1442,217,4812,True,False
1443,217,3546,True,False
1444,217,5171,True,False
1445,217,4031,True,False
1446,217,6494,True,False
1447,217,6218,True,False
1448,217,6224,True,False
1449,217,6506,True,False
1450,217,4664,True,False
1451,217,6496,True,False
1452,217,6505,True,False
1453,217,6501,True,False
1454,217,5990,True,False
1455,217,6527,True,False
1456,217,6500,True,False
1457,217,3032,False,False
1458,217,5839,True,False
1459,217,5988,True,False
1460,217,6504,True,False
1461,217,4488,True,False
1462,217,4723,True,False
1463,217,6599,True,False
1464,217,5842,True,False
1465,217,6617,True,False
1466,217,6691,True,False
1467,217,6201,True,False
1468,217,6689,True,False
1469,217,6692,True,False
1470,217,6690,True,False
1471,217,6688,True,False
1472,217,6687,True,False
1473,218,5933,True,False
1474,218,6494,True,False
1475,218,4674,True,False
1476,218,6699,True,False
1477,218,6700,True,False
1478,218,5601,True,False
1479,218,5305,True,False
1480,218,4981,True,False
1481,218,6044,True,False
1482,218,6221,True,False
1483,218,6701,True,False
1484,218,6354,True,False
1485,218,5855,True,False
1486,218,5046,True,False
1487,218,6022,True,False
1488,218,4822,True,False
1489,218,6704,True,False
1490,218,6702,True,False
1491,218,3062,True,False
1492,218,6341,True,False
1493,218,6525,True,False
1494,218,6499,True,False
1495,218,5988,True,False
1496,218,6710,True,False
1497,218,6709,True,False
1498,219,6527,True,False
1499,219,6532,True,False
1500,219,6226,True,False
1501,219,3280,True,False
1502,219,5921,True,False
1503,219,6223,True,False
1504,219,5970,True,False
1505,219,4898,True,False
1506,219,6729,True,False
1507,219,6726,True,False
1508,219,6727,True,False
1509,219,3192,True,False
1510,219,5007,True,False
1511,219,6730,True,False
1512,219,6731,True,False
1513,219,6732,True,False
1514,220,5443,True,False
1515,221,6487,True,False
1516,221,7068,True,False
1517,221,7149,True,False
1518,221,6489,True,True
1519,221,6486,True,False
1520,221,5788,True,False
1521,221,6828,True,False
1522,221,7128,True,False
1523,221,7177,True,False
1524,221,7170,True,False
1525,221,7150,True,False
1526,221,7178,True,False
1527,221,7062,True,False
1528,221,7109,True,False
1529,222,4711,True,True
1530,223,7267,True,False
1531,223,7390,True,False
1532,223,6494,True,False
1533,223,7074,True,False
1534,223,7356,True,False
1535,223,5792,True,False
