Id,Nombre,Usuario,FhUltModif
1,1,2,Intros de video
2,1,2,taller de poderes
3,1,1,efectos animados y recorridos virtuales
4,1,1,efectos animados
5,1,1,tu firma, recorridos virtuales.
6,2,2,Diseño de juego yo lo ví
7,3,2,El valiente no es violento
9,4,2,Cuento números
10,1,1,tu firma
11,1,1,after y flash
12,1,2,taller de poderes magicos
13,1,1,tu firma y efectos animados
14,1,1,programa after
15,1,1,after: tu firma y efectos animados
16,1,1,after
17,1,2,After: taller de poderes magico 
18,1,2,AFTER: taller poderes magicos
19,1,2,after: taller de poderes magicos
20,1,2,after: taller de titeres
21,1,2,after: taller de poderes
22,1,1,after: efectos animados y recorridos virtuales
23,4,1,fotografía
24,1,2,after: taller de poderes mágicos
25,1,1,flash
